alert_id,alert_type,acct_id,acct_name,is_sar,model_id,start,end,schedule_id,bank_id
0,fan_in,319,319,True,2,0,1000000,2,Chase_Bank
0,fan_in,389,389,True,2,0,1000000,2,Chase_Bank
0,fan_in,270,270,True,2,0,1000000,2,Chase_Bank
0,fan_in,246,246,True,2,0,1000000,2,Chase_Bank
0,fan_in,280,280,True,2,0,1000000,2,Chase_Bank
0,fan_in,382,382,True,2,0,1000000,2,Chase_Bank
0,fan_in,374,374,True,2,0,1000000,2,Chase_Bank
0,fan_in,336,336,True,2,0,1000000,2,Chase_Bank
1,fan_in,663,663,True,2,0,1000000,2,SocGen
1,fan_in,609,609,True,2,0,1000000,2,SocGen
1,fan_in,690,690,True,2,0,1000000,2,SocGen
1,fan_in,669,669,True,2,0,1000000,2,SocGen
1,fan_in,700,700,True,2,0,1000000,2,SocGen
1,fan_in,704,704,True,2,0,1000000,2,SocGen
1,fan_in,788,788,True,2,0,1000000,2,SocGen
2,fan_in,654,654,True,2,0,1000000,2,SocGen
2,fan_in,623,623,True,2,0,1000000,2,SocGen
2,fan_in,795,795,True,2,0,1000000,2,SocGen
2,fan_in,783,783,True,2,0,1000000,2,SocGen
2,fan_in,622,622,True,2,0,1000000,2,SocGen
2,fan_in,674,674,True,2,0,1000000,2,SocGen
2,fan_in,634,634,True,2,0,1000000,2,SocGen
2,fan_in,681,681,True,2,0,1000000,2,SocGen
2,fan_in,743,743,True,2,0,1000000,2,SocGen
3,fan_out,489,489,True,1,0,1000000,2,Bank_of_America
3,fan_out,427,427,True,1,0,1000000,2,Bank_of_America
3,fan_out,501,501,True,1,0,1000000,2,Bank_of_America
3,fan_out,571,571,True,1,0,1000000,2,Bank_of_America
3,fan_out,436,436,True,1,0,1000000,2,Bank_of_America
3,fan_out,572,572,True,1,0,1000000,2,Bank_of_America
4,fan_out,168,168,True,1,0,1000000,2,Axis_Bank
4,fan_out,171,171,True,1,0,1000000,2,Axis_Bank
4,fan_out,140,140,True,1,0,1000000,2,Axis_Bank
4,fan_out,63,63,True,1,0,1000000,2,Axis_Bank
4,fan_out,15,15,True,1,0,1000000,2,Axis_Bank
4,fan_out,116,116,True,1,0,1000000,2,Axis_Bank
5,fan_out,973,973,True,1,0,1000000,2,BNP
5,fan_out,802,802,True,1,0,1000000,2,BNP
5,fan_out,931,931,True,1,0,1000000,2,BNP
5,fan_out,990,990,True,1,0,1000000,2,BNP
5,fan_out,859,859,True,1,0,1000000,2,BNP
5,fan_out,972,972,True,1,0,1000000,2,BNP
5,fan_out,902,902,True,1,0,1000000,2,BNP
6,cycle,308,308,False,3,0,1000000,2,Chase_Bank
6,cycle,218,218,False,3,0,1000000,2,Chase_Bank
6,cycle,331,331,False,3,0,1000000,2,Chase_Bank
6,cycle,258,258,False,3,0,1000000,2,Chase_Bank
6,cycle,396,396,False,3,0,1000000,2,Chase_Bank
6,cycle,239,239,False,3,0,1000000,2,Chase_Bank
7,cycle,186,186,False,3,0,1000000,2,Axis_Bank
7,cycle,120,120,False,3,0,1000000,2,Axis_Bank
7,cycle,147,147,False,3,0,1000000,2,Axis_Bank
7,cycle,19,19,False,3,0,1000000,2,Axis_Bank
7,cycle,111,111,False,3,0,1000000,2,Axis_Bank
8,cycle,910,910,False,3,0,1000000,2,BNP
8,cycle,976,976,False,3,0,1000000,2,BNP
8,cycle,843,843,False,3,0,1000000,2,BNP
8,cycle,915,915,False,3,0,1000000,2,BNP
8,cycle,823,823,False,3,0,1000000,2,BNP
8,cycle,989,989,False,3,0,1000000,2,BNP
8,cycle,818,818,False,3,0,1000000,2,BNP
8,cycle,964,964,False,3,0,1000000,2,BNP
8,cycle,921,921,False,3,0,1000000,2,BNP
8,cycle,812,812,False,3,0,1000000,2,BNP
9,cycle,146,146,False,3,0,1000000,2,Axis_Bank
9,cycle,2,2,False,3,0,1000000,2,Axis_Bank
9,cycle,13,13,False,3,0,1000000,2,Axis_Bank
9,cycle,84,84,False,3,0,1000000,2,Axis_Bank
9,cycle,5,5,False,3,0,1000000,2,Axis_Bank
9,cycle,7,7,False,3,0,1000000,2,Axis_Bank
9,cycle,114,114,False,3,0,1000000,2,Axis_Bank
9,cycle,102,102,False,3,0,1000000,2,Axis_Bank
